model_name,5_Fold,5_Fold_accuracy
cnn,"[0.9169054627418518, 0.9283667802810669, 0.9312320947647095, 0.8939828276634216, 0.9281609058380127]",0.9197296142578124
efficientnet,"[0.8968481421470642, 0.9111747741699219, 0.9197707772254944, 0.9197707772254944, 0.9166666865348816]",0.9128462314605713
