model_name,5_Fold,5_Fold_accuracy
cnn,"[0.9754601120948792, 0.9693251252174377, 0.9864864945411682, 0.974201500415802, 0.974201500415802]",0.9759349465370178
efficientnet,"[0.9656441807746887, 0.9619631767272949, 0.9705159664154053, 0.9643734693527222, 0.9815725088119507]",0.9688138604164124
